,Org,Technologies,Slots,Ideas Page,Contact
0,"=HYPERLINK(""https://summerofcode.withgoogle.com/archive/2018/organizations/5685665089978368/"",""3DTK"")","c/c++,  cmake, opencv, ros, boost",2,http://slam6d.sourceforge.net/wishlist.html,https://sourceforge.net/p/slam6d/discussion/
1,"=HYPERLINK(""https://summerofcode.withgoogle.com/archive/2018/organizations/5067792839606272/"",""52° North Initiative for Geospatial Open Source Software GmbH"")","javascript,  java, spring, r, big data",1,https://wiki.52north.org/Projects/GSoC2018ProjectIdeas,https://wiki.52north.org/Projects/GSoC#Contact
2,"=HYPERLINK(""https://summerofcode.withgoogle.com/archive/2018/organizations/5715161717407744/"",""AerospaceResearch.net"")","python, c/c++, vhdl, boinc,  java",6,https://aerospaceresearch.net/?page_id=612,https://aerospaceresearch.net/?page_id=612
3,"=HYPERLINK(""https://summerofcode.withgoogle.com/archive/2018/organizations/5756292874371072/"",""aimacode"")"," python,  java,  javascript, ai, jupyter",5,https://github.com/aimacode/aima-gsoc,https://gitter.im/aimacode/Lobby
4,"=HYPERLINK(""https://summerofcode.withgoogle.com/archive/2018/organizations/5083924199899136/"",""Amahi"")","ruby on rails, golang, swift, javascript, android",5,https://wiki.amahi.org/index.php/Google_Summer_of_Code_Ideas,http://talk.amahi.org/
5,"=HYPERLINK(""https://summerofcode.withgoogle.com/archive/2018/organizations/6209824106741760/"",""AOSSIE - Australian Open Source Software Innovation and Education"")","scala, isabelle proof assistant, browser extension, javascript/html5/css3, android/ios",13,http://aossie.org/#ideas,http://gitter.im/GSoC-AOSSIE/
6,"=HYPERLINK(""https://summerofcode.withgoogle.com/archive/2018/organizations/5175246747336704/"",""Apache Software Foundation"")","c, java, erlang",23,http://s.apache.org/gsoc2018ideas,https://wiki.apache.org/general/IRC
7,"=HYPERLINK(""https://summerofcode.withgoogle.com/archive/2018/organizations/5754587369701376/"",""Apertium"")","c++, python, xml, fsts",11,http://wiki.apertium.org/wiki/Ideas_for_Google_Summer_of_Code,http://wiki.apertium.org/wiki/IRC
8,"=HYPERLINK(""https://summerofcode.withgoogle.com/archive/2018/organizations/5706275094528000/"",""Apertus Association"")","fpga, embedded, linux, c/c++, vhdl",4,https://lab.apertus.org/project/view/20/,https://www.apertus.org/irc-chat
9,"=HYPERLINK(""https://summerofcode.withgoogle.com/archive/2018/organizations/5125340301099008/"",""appleseedhq"")","c/c++, qt",3,https://github.com/appleseedhq/appleseed/wiki/List-of-Project-Ideas-for-GSoC-2018,https://slackin-naplrzjfoz.now.sh/
10,"=HYPERLINK(""https://summerofcode.withgoogle.com/archive/2018/organizations/5149138983321600/"",""ArduPilot"")","drones, python, linux, c/c++, robotics",5,http://ardupilot.org/dev/docs/gsoc-ideas-list.html,https://gitter.im/ArduPilot/GSoC
11,"=HYPERLINK(""https://summerofcode.withgoogle.com/archive/2018/organizations/5713309579870208/"",""BeagleBoard.org Foundation"")","linux, gcc, real-time, physical computing, iot",3,https://bbb.io/gsocideas,https://beagleboard.org/chat
12,"=HYPERLINK(""https://summerofcode.withgoogle.com/archive/2018/organizations/5082029850886144/"",""Beam Community"")","erlang, xmpp",6,https://github.com/beamcommunity/beamcommunity.github.com/wiki,http://beamcommunity.github.io
13,"=HYPERLINK(""https://summerofcode.withgoogle.com/archive/2018/organizations/5679790782676992/"",""BeeWare Project"")","python, ios, android, javascript,  java",2,https://github.com/pybee/pybee.github.io/wiki/GSoC-Project-Ideas,https://gitter.im/pybee
14,"=HYPERLINK(""https://summerofcode.withgoogle.com/archive/2018/organizations/5751016104394752/"",""Berkman Klein Center for Internet & Society at Harvard University"")","ruby on rails, meteor.js, elasticsearch, javascript, elk",2,https://cyber.harvard.edu/gsoc,https://cyber.harvard.edu/gsoc/Main_Page#Contact_Us
15,"=HYPERLINK(""https://summerofcode.withgoogle.com/archive/2018/organizations/6251240207941632/"",""Blender Foundation"")","c, c++, python, opengl, opencl",5,https://wiki.blender.org/index.php/Dev:Ref/GoogleSummerOfCode/2018/Ideas,https://www.blender.org/get-involved/developers/
16,"=HYPERLINK(""https://summerofcode.withgoogle.com/archive/2018/organizations/5136992144719872/"",""Boost C++ Libraries"")","c++11, c++14, c++, c++17",9,https://github.com/boostorg/boost/wiki/Boost-Google-Summer-of-Code-2018,http://www.boost.org/community/irc.html
17,"=HYPERLINK(""https://summerofcode.withgoogle.com/archive/2018/organizations/5193342920949760/"",""Boston University / XIA"")","xia, linux kernel, c, advanced data structures,  ddos",4,https://github.com/AltraMayor/XIA-for-Linux/wiki/Ideas-list,http://groups.google.com/group/linux-xia
18,"=HYPERLINK(""https://summerofcode.withgoogle.com/archive/2018/organizations/5078956801785856/"",""BRL-CAD"")","c/c++, qt, opengl, opencl, tcl/tk",7,http://brlcad.org/wiki/Google_Summer_of_Code/Project_Ideas,https://brlcad.zulipchat.com
19,"=HYPERLINK(""https://summerofcode.withgoogle.com/archive/2018/organizations/5194176413040640/"",""Canadian Centre for Computational Genomics"")","r, perl, awk, bash, python",3,https://bitbucket.org/mugqic/gsoc_2018,mailto:info@computationalgenomics.ca
20,"=HYPERLINK(""https://summerofcode.withgoogle.com/archive/2018/organizations/6262892051562496/"",""Catrobat"")","java, android, ios, espresso",5,http://developer.catrobat.org/gsoc_2018_ideas_page.html,http://catrob.at/mailinglist
21,"=HYPERLINK(""https://summerofcode.withgoogle.com/archive/2018/organizations/5152211763986432/"",""CCExtractor Development"")","c, python, arduino, node.js, c#",6,https://ccextractor.org/public:gsoc:ideas_page_for_summer_of_code_2018,https://ccextractor.org/public:general:support
22,"=HYPERLINK(""https://summerofcode.withgoogle.com/archive/2018/organizations/6272574585569280/"",""Center for Research In Open Source Software (CROSS) at UC Santa Cruz"")","ceph, hadoop, c++, javascript,  python",2,https://cross.ucsc.edu/cross-gsoc/,https://cross.ucsc.edu/about/contact/
23,"=HYPERLINK(""https://summerofcode.withgoogle.com/archive/2018/organizations/4841240159846400/"",""CERN-HSF"")","c/c++, python, data analysis, machine learning, parallelization",26,http://hepsoftwarefoundation.org/activities/gsoc.html,http://hepsoftwarefoundation.org/activities/gsoc.html
24,"=HYPERLINK(""https://summerofcode.withgoogle.com/archive/2018/organizations/5076776166359040/"",""CGAL Project"")","c++, github, git",7,https://github.com/CGAL/cgal/wiki/Project-Ideas,http://www.cgal.org/mailing_list.html
25,"=HYPERLINK(""https://summerofcode.withgoogle.com/archive/2018/organizations/5116840829255680/"",""CHAOSS: Community Health Analytics Open Source Software"")","python 3,  javascript",2,https://wiki.linuxfoundation.org/chaoss/gsoc-ideas,https://wiki.linuxfoundation.org/chaoss/metrics
26,"=HYPERLINK(""https://summerofcode.withgoogle.com/archive/2018/organizations/6235541699821568/"",""Checker Framework"")",java,3,https://checkerframework.org/gsoc-2018-ideas.html,https://groups.google.com/forum/#!forum/checker-framework-gsoc
27,"=HYPERLINK(""https://summerofcode.withgoogle.com/archive/2018/organizations/4828166816268288/"",""CiviCRM LLC"")","php, mysql, angularjs, d3.js",4,https://lab.civicrm.org/community-team/gsoc2018/blob/master/projects.md,https://chat.civicrm.org
28,"=HYPERLINK(""https://summerofcode.withgoogle.com/archive/2018/organizations/5114353707646976/"",""Classical Language Toolkit"")"," python,  javascript",3,https://github.com/cltk/cltk/wiki/Project-ideas,https://gitter.im/cltk/cltk
29,"=HYPERLINK(""https://summerofcode.withgoogle.com/archive/2018/organizations/6272891540733952/"",""CLiPS, University of Antwerp"")","python, javascript, mongodb",4,https://docs.google.com/document/d/1U37CixY13O5Lrd_j75xD3vcSg6vmEosH7ubQIGPIURg,http://www.clips.uantwerpen.be:3001
30,"=HYPERLINK(""https://summerofcode.withgoogle.com/archive/2018/organizations/4800404952973312/"",""Cloud Native Computing Foundation (CNCF)"")","kubernetes, prometheus, grpc, docker, golang",7,https://github.com/cncf/soc,https://github.com/cncf/soc/issues
31,"=HYPERLINK(""https://summerofcode.withgoogle.com/archive/2018/organizations/5182287540912128/"",""CloudCV"")","machine learning, deep learning, computer vision, artificial intelligence, cloud",5,http://gsoc.cloudcv.org,https://gitter.im/Cloud-CV/
32,"=HYPERLINK(""https://summerofcode.withgoogle.com/archive/2018/organizations/4906591174262784/"",""coala"")","django, python 3, antlr, emberjs, reactjs",14,https://projects.coala.io/,http://coala.io/chat
33,"=HYPERLINK(""https://summerofcode.withgoogle.com/archive/2018/organizations/6010802972655616/"",""Computational Biology @ University of Nebraska-Lincoln"")","javascript, webgl, reactjs, flask",4,http://helikarlab.org/GSoC2018.html,https://groups.google.com/forum/#!forum/helikarlab-gsoc
34,"=HYPERLINK(""https://summerofcode.withgoogle.com/archive/2018/organizations/6032491081105408/"",""Conversations.im"")","java, android, xmpp, gtk, javascript",3,https://conversations.im/gsoc.html,https://conversations.im/j/gsoc@conference.conversations.im
35,"=HYPERLINK(""https://summerofcode.withgoogle.com/archive/2018/organizations/4794601982394368/"",""Cuneiform Digital Library Initiative"")","python, mariadb, rdf, php, nltk",2,https://github.com/cdli-gh/Framework/wiki/Google-Summer-of-Code-2018---Ideas-List,mailto:cdli@ucla.edu
36,"=HYPERLINK(""https://summerofcode.withgoogle.com/archive/2018/organizations/6317537323122688/"",""DBpedia"")","rdf, scala, sparql",3,https://github.com/dbpedia/GSoC/issues?q=is%3Aissue+is%3Aopen+label%3Aproject+label%3Agsoc-2018,https://dbpedia.slack.com/
37,"=HYPERLINK(""https://summerofcode.withgoogle.com/archive/2018/organizations/6481377977434112/"",""Debian Project"")","javascript,  ruby,  java,  python, c/c++",22,https://wiki.debian.org/SummerOfCode2018/Projects,https://wiki.debian.org/IRC
38,"=HYPERLINK(""https://summerofcode.withgoogle.com/archive/2018/organizations/6208428913459200/"",""Developers Italia"")","python, ruby, node.js,  java, c/c++",2,https://developers.italia.it/en/gsoc-ideas/,https://slack.developers.italia.it
39,"=HYPERLINK(""https://summerofcode.withgoogle.com/archive/2018/organizations/6491299083452416/"",""Digital Impact Alliance"")","android, java, php,  python,  javascript",2,http://gsoc.dial.community/,https://dial.zulipchat.com/
40,"=HYPERLINK(""https://summerofcode.withgoogle.com/archive/2018/organizations/5080222944722944/"",""Django Software Foundation"")","python, django",0,https://code.djangoproject.com/wiki/SummerOfCode2018,https://docs.djangoproject.com/en/dev/internals/contributing/new-contributors/
41,"=HYPERLINK(""https://summerofcode.withgoogle.com/archive/2018/organizations/5920501889236992/"",""Drupal"")","web, web development, content management system, cms, object-oriented",1,https://groups.drupal.org/node/518074,http://drupal.org/irc#drupal-google
42,"=HYPERLINK(""https://summerofcode.withgoogle.com/archive/2018/organizations/4862665201549312/"",""Earth Science Information Partners (ESIP)"")"," kubernetes,  dask,  xarray,  python, javascript",2,https://github.com/ESIPFed/GSoC/issues,https://esip-slack-invite.herokuapp.com/
43,"=HYPERLINK(""https://summerofcode.withgoogle.com/archive/2018/organizations/5469541127684096/"",""Elastic"")"," java, golang, node.js, react, jruby",2,https://github.com/elastic/gsoc#ideas,https://discuss.elastic.co/c/elastic-community/elastic-gsoc
44,"=HYPERLINK(""https://summerofcode.withgoogle.com/archive/2018/organizations/4825444746526720/"",""Eta"")","haskell, jvm,  java",2,https://eta-lang.org/contribute/gsoc/2018,https://gitter.im/typelead/eta
45,"=HYPERLINK(""https://summerofcode.withgoogle.com/archive/2018/organizations/5363354906394624/"",""Fedora Project"")","linux, python, git, postgresql, ansible",5,https://docs.fedoraproject.org/mentored-projects/gsoc/2018/ideas.html,https://webchat.freenode.net/?channels=#fedora-summer-coding
46,"=HYPERLINK(""https://summerofcode.withgoogle.com/archive/2018/organizations/5447853019234304/"",""FFmpeg"")","c, asm, git",5,https://trac.ffmpeg.org/wiki/SponsoringPrograms/GSoC/2018,http://ffmpeg.org/contact.html#IRCChannels
47,"=HYPERLINK(""https://summerofcode.withgoogle.com/archive/2018/organizations/6489254813237248/"",""FOSSASIA"")","java, javascript, python, android, artificial intelligence",32,https://labs.fossasia.org/ideas,https://gitter.im/fossasia/fossasia
48,"=HYPERLINK(""https://summerofcode.withgoogle.com/archive/2018/organizations/5988565108391936/"",""FOSSology"")","php, postgresql, lamp, linux, c/c++",1,https://wiki.fossology.org/gsoc-2018,http://fossology.slack.com
49,"=HYPERLINK(""https://summerofcode.withgoogle.com/archive/2018/organizations/6276259533291520/"",""Free and Open Source Silicon Foundation"")","fpga, verilog, c, chisel, synthesis",6,https://fossi-foundation.org/gsoc18-ideas,https://gitter.im/librecores/Lobby
50,"=HYPERLINK(""https://summerofcode.withgoogle.com/archive/2018/organizations/6511795204259840/"",""Free UK Genealogy"")","mongodb, ruby on rails, mysql, python,  css/html",2,https://www.freeukgenealogy.org.uk/about/volunteer/tech-volunteering-opportunities/ideas-list/,https://www.freeukgenealogy.org.uk/about/volunteer/tech-volunteering-opportunities/ideas-list/
51,"=HYPERLINK(""https://summerofcode.withgoogle.com/archive/2018/organizations/4807073560788992/"",""FreeBSD"")","c/c++, llvm,  shell script, assembly, make",8,https://wiki.freebsd.org/SummerOfCodeIdeas,https://wiki.freebsd.org/SummerOfCodeIRC
52,"=HYPERLINK(""https://summerofcode.withgoogle.com/archive/2018/organizations/6550700024659968/"",""FreeType"")","c, gnu make, gnu autotools, python, fonts",3,https://www.freetype.org/gsoc.html,https://lists.nongnu.org/mailman/listinfo/freetype-devel
53,"=HYPERLINK(""https://summerofcode.withgoogle.com/archive/2018/organizations/5072753191288832/"",""freifunk"")","openwrt, javascript, html, c,  python",12,https://projects.freifunk.net,http://irc.freifunk.net
54,"=HYPERLINK(""https://summerofcode.withgoogle.com/archive/2018/organizations/5477445075468288/"",""Genes, Genomes and Variation"")","perl, mysql, java script",2,http://www.ensembl.info/student-projects/,http://lists.ensembl.org/mailman/listinfo/dev
55,"=HYPERLINK(""https://summerofcode.withgoogle.com/archive/2018/organizations/5111873431142400/"",""GENIVI Alliance"")","yocto, c/c++, java",1,https://at.projects.genivi.org/wiki/display/GDP/Google+Summer+of+Code+Instructions+and+ideas,https://lists.genivi.org/mailman/listinfo/genivi-projects
56,"=HYPERLINK(""https://summerofcode.withgoogle.com/archive/2018/organizations/5172443744305152/"",""Gentoo Foundation"")"," shell script, bash, c/c++,  python, linux",2,https://wiki.gentoo.org/wiki/Google_Summer_of_Code/2018/Ideas,https://wiki.gentoo.org/wiki/Google_Summer_of_Code/2018/Application_Guidelines
57,"=HYPERLINK(""https://summerofcode.withgoogle.com/archive/2018/organizations/5472477677355008/"",""GFOSS - Open Technologies Alliance"")","python 3, php/javascript/html,  css/html, java, c/c++",10,https://ellak.gr/wiki/index.php?title=GSOC2018_Projects,http://opensource-devs@ellak.gr
58,"=HYPERLINK(""https://summerofcode.withgoogle.com/archive/2018/organizations/4840889583140864/"",""Git"")","c,  shell script,  git",3,https://git.github.io/SoC-2018-Ideas/,http://git-scm.com/community
59,"=HYPERLINK(""https://summerofcode.withgoogle.com/archive/2018/organizations/4659817385820160/"",""Global Alliance for Genomics and Health"")","java, python, cloud, c/c++, mongodb",4,https://docs.google.com/document/d/1fzIMN3F96Qv--Bq9sGbApaVyS2dmUoGMrLP9O-ihKFE/view?usp=sharing,mailto:gsoc@genomicsandhealth.org
60,"=HYPERLINK(""https://summerofcode.withgoogle.com/archive/2018/organizations/5224661688254464/"",""GNOME"")","c, python,  javascript, gtk+, gobject",13,https://wiki.gnome.org/Outreach/SummerOfCode/2018/Ideas,https://wiki.gnome.org/Community/GettingInTouch
61,"=HYPERLINK(""https://summerofcode.withgoogle.com/archive/2018/organizations/5951344653369344/"",""GNSS-SDR"")","c/c++, gnss, c++11, c++14",5,http://gnss-sdr.org/google-summer-code-2018-ideas-list/,http://lists.sourceforge.net/lists/listinfo/gnss-sdr-developers
62,"=HYPERLINK(""https://summerofcode.withgoogle.com/archive/2018/organizations/6598377584197632/"",""GNU Compiler Collection (GCC)"")","c++, c, openmp",1,https://gcc.gnu.org/wiki/SummerOfCode,https://gcc.gnu.org/wiki
63,"=HYPERLINK(""https://summerofcode.withgoogle.com/archive/2018/organizations/6026712471044096/"",""GNU Octave"")","c++, hg",3,http://wiki.octave.org/Summer_of_Code_Project_Ideas,https://webchat.freenode.net/?channels=#octave
64,"=HYPERLINK(""https://summerofcode.withgoogle.com/archive/2018/organizations/6595441034526720/"",""GNU Project"")","c, lisp, python",9,https://www.gnu.org/software/soc-projects/ideas-2018.html,https://lists.gnu.org/mailman/listinfo/summer-of-code
65,"=HYPERLINK(""https://summerofcode.withgoogle.com/archive/2018/organizations/5370023514210304/"",""GNU Radio"")","c++, python, simd, qt",2,https://wiki.gnuradio.org/index.php/GSoCIdeas,https://wiki.gnuradio.org/index.php/IRC
66,"=HYPERLINK(""https://summerofcode.withgoogle.com/archive/2018/organizations/5406815277809664/"",""Godot Engine"")","c++, cpp, opengl, github, crossplatform",5,https://github.com/godotengine/roadmap/blob/master/GSOC-2018.md,https://godotengine.org/community
67,"=HYPERLINK(""https://summerofcode.withgoogle.com/archive/2018/organizations/4768790235578368/"",""gRPC"")","grpc, microservices, distributed systems, cloud",1,https://github.com/grpc/grpc/blob/master/summerofcode/ideas.md,https://grpc.io/community/
68,"=HYPERLINK(""https://summerofcode.withgoogle.com/archive/2018/organizations/5826402578333696/"",""Haiku"")","c++, webkit, ffmpeg, posix, bsd unix",2,https://www.haiku-os.org/community/gsoc/2018/ideas,https://www.haiku-os.org/community/irc
69,"=HYPERLINK(""https://summerofcode.withgoogle.com/archive/2018/organizations/5391116769689600/"",""Haskell.org"")",haskell,15,https://summer.haskell.org/ideas.html,https://www.haskell.org/irc
70,"=HYPERLINK(""https://summerofcode.withgoogle.com/archive/2018/organizations/4830398454431744/"",""Homebrew"")","ruby, git, macos, rspec, bash",1,https://github.com/Homebrew/Outreachy-and-Google-Summer-of-Code,https://github.com/Homebrew/brew#community
71,"=HYPERLINK(""https://summerofcode.withgoogle.com/archive/2018/organizations/6206122851565568/"",""INCF"")","python, c/c++, javascript, cuda, xml",16,https://www.incf.org/activities/training/gsoc-2018-project-ideas,mailto:gsoc@incf.org
72,"=HYPERLINK(""https://summerofcode.withgoogle.com/archive/2018/organizations/6198653098131456/"",""Inclusive Design Institute"")","javascript, html, css, node.js, php",5,https://wiki.fluidproject.org/display/fluid/Google+Summer+of+Code+2018+with+the+Fluid+Project,https://wiki.fluidproject.org/display/fluid/IRC+Channel
73,"=HYPERLINK(""https://summerofcode.withgoogle.com/archive/2018/organizations/6036062346412032/"",""Inkscape"")","svg, css, c++11,  python, gtk+",0,http://wiki.inkscape.org/wiki/index.php/Google_Summer_of_Code#Suggested_Project_Ideas,https://inkscape.org/en/community/discussion/
74,"=HYPERLINK(""https://summerofcode.withgoogle.com/archive/2018/organizations/6603344982310912/"",""Inria Foundation"")","c/c++, qt, webassembly, asm, communication protocol",2,https://www.sofa-framework.org/community/google-summer-of-code/,https://www.sofa-framework.org/community/get-involved/
75,"=HYPERLINK(""https://summerofcode.withgoogle.com/archive/2018/organizations/4682207855640576/"",""Institute for Artificial Intelligence"")","c++, python, ros, unreal engine, lisp",6,http://ai.uni-bremen.de/teaching/gsoc2018,https://gitter.im/iai_gsoc18/
76,"=HYPERLINK(""https://summerofcode.withgoogle.com/archive/2018/organizations/4797072796549120/"",""Intel Media And Audio For Linux"")","video, codecs, hardware acceleration, va-api, c",1,https://01.org/linuxmedia/gsoc-2018-ideas,https://01.org/linuxmedia/blogs/seanvk/2017/vaapi-media-consolidation
77,"=HYPERLINK(""https://summerofcode.withgoogle.com/archive/2018/organizations/5222767339241472/"",""InterMine"")","postgresql,  java,  javascript, python, clojure",6,http://intermine.org/gsoc/project-ideas/2018/,https://discord.gg/h847Cex
78,"=HYPERLINK(""https://summerofcode.withgoogle.com/archive/2018/organizations/6298343651147776/"",""Internet Archive"")","pthon, javascript",5,https://docs.google.com/document/d/1qrqVucyFD_x_vA0wyyMYedMn3HHRPBKgCZ4d6Vr7mRQ/edit?usp=sharing,mailto:mark@archive.org
79,"=HYPERLINK(""https://summerofcode.withgoogle.com/archive/2018/organizations/4744165577457664/"",""Internet Systems Consortium"")","dhcp, c/c++, mysql, cassandra, rest",2,http://kea.isc.org/wiki/KeaIdeas,https://lists.isc.org/mailman/listinfo/kea-dev
80,"=HYPERLINK(""https://summerofcode.withgoogle.com/archive/2018/organizations/5357551935815680/"",""JBoss Community"")"," java, android, ios, opentracing, apache kafka",3,https://developer.jboss.org/wiki/GSoC2018Ideas,https://developer.jboss.org/wiki/JBossGSoCContactInformation
81,"=HYPERLINK(""https://summerofcode.withgoogle.com/archive/2018/organizations/4773757633691648/"",""JdeRobot - Universidad Rey Juan Carlos"")","ros, python, c++, gazebo, opencv",5,http://jderobot.org/GSoC-2018,http://jderobot.org/Collaborate#Mailing_List
82,"=HYPERLINK(""https://summerofcode.withgoogle.com/archive/2018/organizations/5245157809061888/"",""Jenkins project"")"," java, groovy,  javascript",2,https://jenkins.io/projects/gsoc/gsoc2018-project-ideas/,https://jenkins.io/content/chat
83,"=HYPERLINK(""https://summerofcode.withgoogle.com/archive/2018/organizations/5956298361274368/"",""JGraphT"")",java,2,https://github.com/jgrapht/jgrapht/wiki/Google-Summer-Of-Code-2018,https://groups.google.com/forum/#!forum/jgrapht-gsoc
84,"=HYPERLINK(""https://summerofcode.withgoogle.com/archive/2018/organizations/6348667246084096/"",""Jitsi"")","java, javascript, webrtc, react, react native",3,https://jitsi.org/gsoc/,https://jitsi.org/mailing-lists/
85,"=HYPERLINK(""https://summerofcode.withgoogle.com/archive/2018/organizations/6484151049912320/"",""Joomla!"")","php,  javascript, mysql, html5/css3, cms",7,https://docs.joomla.org/GSOC_2018_Project_Ideas,http://irc.lc/freenode/joomla/
86,"=HYPERLINK(""https://summerofcode.withgoogle.com/archive/2018/organizations/5947308659179520/"",""JSK Robotics Laboratory / The University of Tokyo"")",ros,2,http://www.jsk.imi.i.u-tokyo.ac.jp/gsoc/2018,https://gitter.im/euslisp/jskeus
87,"=HYPERLINK(""https://summerofcode.withgoogle.com/archive/2018/organizations/6517016676532224/"",""KDE Community"")","qt, c/c++, qml",17,https://community.kde.org/GSoC/2018/Ideas,https://userbase.kde.org/IRC_Channels
88,"=HYPERLINK(""https://summerofcode.withgoogle.com/archive/2018/organizations/4687429327912960/"",""Kiwix"")","android, java, c++, python, qt",2,http://wiki.kiwix.org/wiki/GSoC,http://webchat.freenode.net/?channels=#kiwix
89,"=HYPERLINK(""https://summerofcode.withgoogle.com/archive/2018/organizations/6371057715904512/"",""LabLua"")","lua, céu",5,http://www.lua.inf.puc-rio.br/gsoc/ideas2018.html,http://groups.google.com/group/labluagsoc
90,"=HYPERLINK(""https://summerofcode.withgoogle.com/archive/2018/organizations/4898832450060288/"",""languagetool.org"")","java, javascript, machine learning, ai, tensorflow",2,http://wiki.languagetool.org/missing-features,https://forum.languagetool.org
91,"=HYPERLINK(""https://summerofcode.withgoogle.com/archive/2018/organizations/6409962536304640/"",""LEAP Encryption Access Project"")","python, twisted, javascript, openvpn, gnupg",1,https://leap.se/en/docs/get-involved/project-ideas,https://leap.se/en/docs/get-involved/communication
92,"=HYPERLINK(""https://summerofcode.withgoogle.com/archive/2018/organizations/5403839536562176/"",""LibreHealth"")","java, php,  javascript, mysql, webcomponents",9,https://forums.librehealth.io/ideas,https://chat.librehealth.io
93,"=HYPERLINK(""https://summerofcode.withgoogle.com/archive/2018/organizations/6489903890169856/"",""LibreOffice"")","c++, java, python",7,https://wiki.documentfoundation.org/Development/GSoC/Ideas,https://wiki.documentfoundation.org/Website/IRC
94,"=HYPERLINK(""https://summerofcode.withgoogle.com/archive/2018/organizations/6037767851081728/"",""libvirt"")","hypervisor, kvm, xen, lxc",2,http://wiki.libvirt.org/page/Google_Summer_of_Code_Ideas,http://libvirt.org/contact.html#irc
95,"=HYPERLINK(""https://summerofcode.withgoogle.com/archive/2018/organizations/5263452624912384/"",""LLVM Compiler Infrastructure"")",llvm,8,http://llvm.org/OpenProjects.html#gsoc18,http://llvm.org/docs/#irc
96,"=HYPERLINK(""https://summerofcode.withgoogle.com/archive/2018/organizations/4765853685907456/"",""LuaRocks"")","lua, linux, windows, unix, c",2,http://luarocks.github.io/luarocks/gsoc/ideas2018.html,http://gitter.im/luarocks
97,"=HYPERLINK(""https://summerofcode.withgoogle.com/archive/2018/organizations/5785567371460608/"",""MariaDB Foundation"")","mariadb, mysql, c, c++, java",1,https://mariadb.com/kb/en/library/google-summer-of-code-2018/,https://mariadb.com/kb/en/meta/irc/
98,"=HYPERLINK(""https://summerofcode.withgoogle.com/archive/2018/organizations/6529739443404800/"",""Matrix.org"")","golang, ios,  android,  python, react",2,https://github.com/matrix-org/GSoC/blob/master/IDEAS.md,https://matrix.to/#/#matrix:matrix.org
99,"=HYPERLINK(""https://summerofcode.withgoogle.com/archive/2018/organizations/5222617418039296/"",""MetaBrainz Foundation Inc."")","python, perl, javascript, postgresql, react",5,https://wiki.musicbrainz.org/Development/Summer_of_Code/2018,https://metabrainz.org/contact
100,"=HYPERLINK(""https://summerofcode.withgoogle.com/archive/2018/organizations/5923381731917824/"",""Metasploit"")","ruby, postgresql, python, c, assembly",5,https://github.com/rapid7/metasploit-framework/wiki/GSoC-2018-Project-Ideas,https://metasploit.com/help#contact
101,"=HYPERLINK(""https://summerofcode.withgoogle.com/archive/2018/organizations/5431834603159552/"",""Mixxx DJ Software"")","qt, audio, music, real-time, c++",2,https://www.mixxx.org/wiki/doku.php/gsoc2018ideas,https://mixxx.zulipchat.com
102,"=HYPERLINK(""https://summerofcode.withgoogle.com/archive/2018/organizations/4895891068551168/"",""mlpack"")",c++,6,https://github.com/mlpack/mlpack/wiki/SummerOfCodeIdeas,http://www.mlpack.org/involved.html
103,"=HYPERLINK(""https://summerofcode.withgoogle.com/archive/2018/organizations/6557734510002176/"",""Mobile Robot Programming Toolkit (MRPT)"")","c/c++, cmake, python, webs",1,https://github.com/MRPT/mrpt/wiki/Ideas-page-for-MRPT-Google-Summer-of-Code-2018,https://gitter.im/MRPT/mrpt
104,"=HYPERLINK(""https://summerofcode.withgoogle.com/archive/2018/organizations/5904449381859328/"",""Moodle"")","php,  javascript, ionic, sql, angular",0,https://docs.moodle.org/dev/Projects_for_new_developers,https://telegram.me/moodledev
105,"=HYPERLINK(""https://summerofcode.withgoogle.com/archive/2018/organizations/4941292362530816/"",""MovingBlocks"")"," java, opengl, json, blender, github",9,https://github.com/MovingBlocks/Terasology/wiki/GSOC,https://github.com/MovingBlocks/Terasology/wiki/Using-IRC
106,"=HYPERLINK(""https://summerofcode.withgoogle.com/archive/2018/organizations/6589662424465408/"",""Mozilla"")","javascript, c++, rust, python, css",16,https://wiki.mozilla.org/Community:SummerOfCode18,https://wiki.mozilla.org/IRC
107,"=HYPERLINK(""https://summerofcode.withgoogle.com/archive/2018/organizations/4728147161382912/"",""MuseScore"")","qt, c++11, cpp, midi",3,https://musescore.org/en/handbook/ideas-2018,https://kiwiirc.com/client/irc.freenode.net/?nick=gsoc|?#musescore
108,"=HYPERLINK(""https://summerofcode.withgoogle.com/archive/2018/organizations/5428149655437312/"",""National Resource for Network Biology (NRNB)"")","java, javascript, python, html, c/c++",10,https://github.com/nrnb/GoogleSummerOfCode/issues,https://groups.google.com/forum/#!forum/cytoscape-helpdesk
109,"=HYPERLINK(""https://summerofcode.withgoogle.com/archive/2018/organizations/5474817897660416/"",""Neovim"")","lua, c, vim, javascript,  python",2,https://github.com/neovim/neovim/wiki/GSoC-2018-Ideas,https://gitter.im/neovim/neovim
110,"=HYPERLINK(""https://summerofcode.withgoogle.com/archive/2018/organizations/6483451842658304/"",""Netfilter project"")","linux kernel, c",3,http://people.netfilter.org/pablo/nf-ideas-2018.txt,http://irc.netsplit.de/channels/details.php?room=%23Netfilter&net=freenode
111,"=HYPERLINK(""https://summerofcode.withgoogle.com/archive/2018/organizations/6485922656813056/"",""NumFOCUS"")","python, julia, r, javascript, c++",40,https://github.com/numfocus/gsoc/blob/master/2018/ideas-list.md,https://groups.google.com/a/numfocus.org/forum/#!forum/gsoc
112,"=HYPERLINK(""https://summerofcode.withgoogle.com/archive/2018/organizations/6067192269373440/"",""omegaUp.com"")","php, mysql,  python",1,https://github.com/omegaup/omegaup/wiki/Google-Summer-of-Code-2018-Ideas-List,https://github.com/omegaup/omegaup/wiki/Google-Summer-of-Code-2018-Ideas-List#our-mailing-list-and-slack-channel
113,"=HYPERLINK(""https://summerofcode.withgoogle.com/archive/2018/organizations/5813329234755584/"",""Open Bioinformatics Foundation"")","python,  javascript, d, php, c/c++",5,http://obf.github.io/GSoC/ideas/,http://obf.github.io/GSoC/contact/
114,"=HYPERLINK(""https://summerofcode.withgoogle.com/archive/2018/organizations/4981977648201728/"",""Open Chemistry"")","python, c++, javascript,  java, opengl",7,http://wiki.openchemistry.org/GSoC_Ideas_2018,https://public.kitware.com/mailman/listinfo/openchemistry-developers
115,"=HYPERLINK(""https://summerofcode.withgoogle.com/archive/2018/organizations/6544367028273152/"",""Open Data Kit"")"," android,  java",2,https://forum.opendatakit.org/t/welcome-gsoc-and-outreachy-applicants/11817,http://slack.opendatakit.org
116,"=HYPERLINK(""https://summerofcode.withgoogle.com/archive/2018/organizations/5395828684357632/"",""Open Food Facts"")","perl, mongodb, ios, android, machine learning",2,https://en.wiki.openfoodfacts.org/Student_projects/GSOC/Proposals,https://slack-ssl-openfoodfacts.herokuapp.com/
117,"=HYPERLINK(""https://summerofcode.withgoogle.com/archive/2018/organizations/5792235979276288/"",""Open Roberta Lab"")","java, javascript",2,https://github.com/OpenRoberta/robertalab/wiki/Google-Summer-of-Code-2018,https://github.com/OpenRoberta/robertalab/wiki/Community
118,"=HYPERLINK(""https://summerofcode.withgoogle.com/archive/2018/organizations/5991416564023296/"",""Open Source Robotics Foundation"")","c/c++, python, javascript, ros, gazebo",4,https://github.com/osrf/osrf_wiki/wiki/GSoC,mailto:gsoc@osrfoundation.org
119,"=HYPERLINK(""https://summerofcode.withgoogle.com/archive/2018/organizations/4806851430449152/"",""Open States"")","python, django, react, graphql, postgresql",0,https://github.com/openstates/meta/wiki/GSoC-2018-Overview#ideas,https://openstates-slack.herokuapp.com/
120,"=HYPERLINK(""https://summerofcode.withgoogle.com/archive/2018/organizations/6600717804503040/"",""OpenAstronomy"")","python, julia, c++, numba",8,http://openastronomy.org/gsoc/gsoc2018/,http://openastronomy.org/
121,"=HYPERLINK(""https://summerofcode.withgoogle.com/archive/2018/organizations/5351751314046976/"",""OpenCensus"")","python, java, ruby, node, go",1,http://opencensus.io,https://gitter.im/census-instrumentation/GSoC
122,"=HYPERLINK(""https://summerofcode.withgoogle.com/archive/2018/organizations/4753034282270720/"",""OpenMRS"")"," java, spring, javascript, rest, mysql",10,https://om.rs/soc2018,http://irc.openmrs.org
123,"=HYPERLINK(""https://summerofcode.withgoogle.com/archive/2018/organizations/4660316541550592/"",""OpenSIPS"")","c,  python, mysql, scripting",0,http://www.opensips.org/Development/IdeasList,http://www.opensips.org/About/Contact
124,"=HYPERLINK(""https://summerofcode.withgoogle.com/archive/2018/organizations/5878934189113344/"",""OpenStreetMap"")","postgis,  java,  ruby,  javascript, c/c++",5,http://wiki.openstreetmap.org/wiki/Google_Summer_of_Code/2018/Project_Ideas,http://wiki.openstreetmap.org/wiki/IRC
125,"=HYPERLINK(""https://summerofcode.withgoogle.com/archive/2018/organizations/5250379281334272/"",""openSUSE"")","ruby on rail, perl,  ruby, html/javascript, c/c++",2,http://101.opensuse.org/gsoc/,https://en.opensuse.org/openSUSE:IRC_list
126,"=HYPERLINK(""https://summerofcode.withgoogle.com/archive/2018/organizations/4717005412237312/"",""OpenWISP"")","python, django, javascript, openwrt, linux",2,http://openwisp.org/gsoc/ideas-2018.html,https://gitter.im/openwisp/general
127,"=HYPERLINK(""https://summerofcode.withgoogle.com/archive/2018/organizations/5214740582236160/"",""OpnTec"")","python, javascript, emberjs, cloud, android",2,http://blog.opntec.org/ideas,https://gitter.im/fossasia/open-event
128,"=HYPERLINK(""https://summerofcode.withgoogle.com/archive/2018/organizations/4714779679653888/"",""Oppia Foundation"")","angularjs, python,  javascript, appengine,  css",7,https://github.com/oppia/oppia/wiki/Google-Summer-of-Code-2018#oppias-project-ideas,https://github.com/oppia/oppia/wiki/Google-Summer-of-Code-2018#communication
129,"=HYPERLINK(""https://summerofcode.withgoogle.com/archive/2018/organizations/4890968767594496/"",""OSGeo"")","c/c++, standards, python, sql, database",10,http://wiki.osgeo.org/wiki/Google_Summer_of_Code_2018_Ideas,https://wiki.osgeo.org/wiki/Google_Summer_of_Code_Recommendations_for_Students#How_to_get_in_contact_via_IRC
130,"=HYPERLINK(""https://summerofcode.withgoogle.com/archive/2018/organizations/6376279188176896/"",""OW2"")","java, perl, middleware, bpm, wiki",0,https://tc.ow2.org/bin/view/wiki/GSoC+2018+Ideas+List,https://mail.ow2.org/wws/info/authzforce-team
131,"=HYPERLINK(""https://summerofcode.withgoogle.com/archive/2018/organizations/6340640489078784/"",""OWASP Foundation"")","java, net, ruby, javascript, python",8,https://www.owasp.org/index.php/GSOC2018_Ideas,https://www.owasp.org/index.php/GSoC#Getting_in_touch
132,"=HYPERLINK(""https://summerofcode.withgoogle.com/archive/2018/organizations/4692141242580992/"",""P2PSP.org"")","python,  javascript, webrtc, sockets, c/c++",1,http://www.p2psp.org/en/news/78-gsoc-2018-ideas-page,https://gitter.im/orgs/P2PSP/rooms
133,"=HYPERLINK(""https://summerofcode.withgoogle.com/archive/2018/organizations/5315984235692032/"",""PEcAn Project"")"," javascript, postgresql,  php, c, r",1,http://pecanproject.github.io/gsoc_ideas.html,http://pecanproject.github.io/contact.html
134,"=HYPERLINK(""https://summerofcode.withgoogle.com/archive/2018/organizations/4726475278254080/"",""Performance Co-Pilot"")","python, redis, c, linux, javascript",5,http://pcp.io/gsoc/2018/ideas.html,http://pcp.io/community.html
135,"=HYPERLINK(""https://summerofcode.withgoogle.com/archive/2018/organizations/5208530327961600/"",""phpBB Forum Software"")","mysql,  javascript, html5/css3, php, symfony",2,https://www.phpbb.com/development/gsoc/ideas/,https://www.phpbb.com/support/irc
136,"=HYPERLINK(""https://summerofcode.withgoogle.com/archive/2018/organizations/5779764400881664/"",""phpMyAdmin"")","php, mysql, cakephp, jquery, javascript",4,https://github.com/phpmyadmin/phpmyadmin/wiki/GSoC_2018_ideas_list,https://lists.phpmyadmin.net/mailman/listinfo/developers
137,"=HYPERLINK(""https://summerofcode.withgoogle.com/archive/2018/organizations/5782644243562496/"",""Plone"")","python,  javascript, html, css, reactjs",4,https://plone.org/community/gsoc/2018/ideas,https://community.plone.org
138,"=HYPERLINK(""https://summerofcode.withgoogle.com/archive/2018/organizations/5852375185096704/"",""PMD"")","java, xml, javacc, antlr, xpath",1,https://github.com/pmd/pmd/wiki/Project-Ideas-%5BMature%5D,https://gitter.im/pmd/pmd
139,"=HYPERLINK(""https://summerofcode.withgoogle.com/archive/2018/organizations/6441884142534656/"",""Pocket Science Lab"")","android, java, firmware, c, cad",2,https://github.com/fossasia/pslab.io/wiki/Ideas,https://gitter.im/fossasia/pslab
140,"=HYPERLINK(""https://summerofcode.withgoogle.com/archive/2018/organizations/4933265605525504/"",""Polly Labs"")","c/c++, llvm, polly, isl, ppcg",3,http://pollylabs.org/gsoc2018.html,https://groups.google.com/forum/#!forum/polly-dev
141,"=HYPERLINK(""https://summerofcode.withgoogle.com/archive/2018/organizations/5341499428438016/"",""PostgreSQL"")","postgresql, sql, rdbms, ordbms, c",3,https://wiki.postgresql.org/wiki/GSoC_2018,https://www.postgresql.org/community/irc/
142,"=HYPERLINK(""https://summerofcode.withgoogle.com/archive/2018/organizations/5818041149423616/"",""Probot"")","javascript, node, github",2,https://github.com/probot/ideas/blob/master/GOOGLE_SUMMER_OF_CODE.md,https://probot.github.io/community/
143,"=HYPERLINK(""https://summerofcode.withgoogle.com/archive/2018/organizations/4963682832351232/"",""Public Lab"")","ruby on rails, javascript, node.js",9,http://publiclab.org/gsoc-ideas,http://publiclab.org/chat
144,"=HYPERLINK(""https://summerofcode.withgoogle.com/archive/2018/organizations/5216814447460352/"",""Purr Data"")","javascript, html5/css3, node.js, c/c++",1,https://git.purrdata.net/jwilkes/summer-of-code-ideas-list/blob/master/README.md,http://disis.music.vt.edu/listinfo/l2ork-dev
145,"=HYPERLINK(""https://summerofcode.withgoogle.com/archive/2018/organizations/5331740188999680/"",""Python HYDRA"")","python, rdf, flask, hydra, json/json-ld",2,http://www.hydra-gsoc.appspot.com/,https://gitter.im/HTTP-APIs/Lobby
146,"=HYPERLINK(""https://summerofcode.withgoogle.com/archive/2018/organizations/6342714354302976/"",""Python Software Foundation"")",python,14,http://python-gsoc.org/,http://python-gsoc.org/#contact
147,"=HYPERLINK(""https://summerofcode.withgoogle.com/archive/2018/organizations/4650540726222848/"",""QEMU"")","c, kvm",4,https://wiki.qemu.org/Google_Summer_of_Code_2018,https://www.qemu.org/contribute/
148,"=HYPERLINK(""https://summerofcode.withgoogle.com/archive/2018/organizations/4724462213660672/"",""Quill.org"")","ruby, rails, react, javascript, postgresql",1,https://trello.com/b/sDoN2wL4/google-summer-of-code-2018-ideas,https://community.quill.org/join-slack/
149,"=HYPERLINK(""https://summerofcode.withgoogle.com/archive/2018/organizations/6343413561556992/"",""R project for statistical computing"")","r-project, c, c++, javascript, fortran",24,https://github.com/rstats-gsoc/gsoc2018/wiki/table-of-proposed-coding-projects,https://github.com/rstats-gsoc/gsoc2018/wiki
150,"=HYPERLINK(""https://summerofcode.withgoogle.com/archive/2018/organizations/5393348407853056/"",""radare"")","c, cpp, rust, qt",5,http://radare.org/gsoc/2018/ideas.html,http://radare.org/r/me.html
151,"=HYPERLINK(""https://summerofcode.withgoogle.com/archive/2018/organizations/6454703546171392/"",""ReactOS"")","c, c++",1,https://www.reactos.org/wiki/Google_Summer_of_Code_2018_Ideas,https://reactos.org/irc
152,"=HYPERLINK(""https://summerofcode.withgoogle.com/archive/2018/organizations/5430613960032256/"",""Read the Docs"")","python, sphinx, django, javascript, elasticsearch",1,http://docs.readthedocs.io/en/latest/gsoc.html,http://docs.readthedocs.io/en/latest/gsoc.html#want-to-get-involved
153,"=HYPERLINK(""https://summerofcode.withgoogle.com/archive/2018/organizations/6069086618386432/"",""Red Hen Lab"")","python, scikit-learn, tensorflow, singularity, syntaxnet",10,https://sites.google.com/site/distributedlittleredhen/summer-of-code/google-summer-of-code-2018-ideas-page,https://red-hen-gsoc.slack.com
154,"=HYPERLINK(""https://summerofcode.withgoogle.com/archive/2018/organizations/5504242315952128/"",""RoboComp"")","c/c++, python, cmake, openscenegraph, ice - zeroc",8,https://robocomp.github.io/web/blog/gsoc/ideas2018,https://gitter.im/robocomp/home
155,"=HYPERLINK(""https://summerofcode.withgoogle.com/archive/2018/organizations/5641906755207168/"",""Rocket.Chat"")"," javascript, ios, android, node, meteor.js",7,https://rocket.chat/docs/contributing/google-summer-of-code-2018,https://open.rocket.chat
156,"=HYPERLINK(""https://summerofcode.withgoogle.com/archive/2018/organizations/5729327995944960/"",""Rspamd"")","c, machine learning, javascript, lua",0,https://rspamd.com/ideas.html,https://rspamd.com/support.html
157,"=HYPERLINK(""https://summerofcode.withgoogle.com/archive/2018/organizations/5646874153320448/"",""RTEMS Project"")","c, python, posix, bsd unix",4,https://devel.rtems.org/wiki/Developer/OpenProjects,https://devel.rtems.org/wiki/Developer/IRC
158,"=HYPERLINK(""https://summerofcode.withgoogle.com/archive/2018/organizations/5758920052178944/"",""Ruby"")",ruby,5,https://github.com/rubygsoc/rubygsoc/wiki/Ideas-List,http://slack.bundler.io
159,"=HYPERLINK(""https://summerofcode.withgoogle.com/archive/2018/organizations/5717023518621696/"",""Ruby on Rails"")","ruby, ruby on rails, html",2,https://github.com/railsgsoc/ideas/wiki/2018-Ideas,https://groups.google.com/forum/#!forum/rubyonrails-gsoc
160,"=HYPERLINK(""https://summerofcode.withgoogle.com/archive/2018/organizations/5688290254520320/"",""Ruby Science Foundation"")","ruby, c, c++, cuda",4,https://github.com/SciRuby/sciruby/wiki/Google-Summer-of-Code-2018-Ideas,http://sciruby.com/
161,"=HYPERLINK(""https://summerofcode.withgoogle.com/archive/2018/organizations/5677303661068288/"",""Sage Mathematical Software System"")","python 3, python, cython, c/c++",5,https://wiki.sagemath.org/GSoC/2018,https://groups.google.com/forum/#!forum/sage-gsoc
162,"=HYPERLINK(""https://summerofcode.withgoogle.com/archive/2018/organizations/5122715136557056/"",""Scala"")","scala, jvm, llvm",1,https://scala-lang.org/gsoc/2018/,https://gitter.im/scala/scala
163,"=HYPERLINK(""https://summerofcode.withgoogle.com/archive/2018/organizations/4786317862895616/"",""Scilab"")","c, c++, java, scilab",4,https://wiki.scilab.org/GSoC_project_proposal,https://www.scilab.org/resources/user_community/irc
164,"=HYPERLINK(""https://summerofcode.withgoogle.com/archive/2018/organizations/5712088936742912/"",""ScummVM"")","c++, opengl, sdl, assembly",3,http://wiki.scummvm.org/index.php/Summer_of_Code/GSoC_Ideas_2018,http://wiki.scummvm.org/index.php/Summer_of_Code/GSoC_Contact
165,"=HYPERLINK(""https://summerofcode.withgoogle.com/archive/2018/organizations/5132636779446272/"",""Seastar"")","cpp, framework, dpdk, tcp, linux",1,https://github.com/scylladb/seastar/wiki/Google-Summer-of-Code-2018,https://scylladb-users.slack.com
166,"=HYPERLINK(""https://summerofcode.withgoogle.com/archive/2018/organizations/5139217877303296/"",""Software and Computational Systems Lab at LMU Munich"")","java, python,  javascript",1,https://www.sosy-lab.org/gsoc/gsoc2018.php,mailto:info@sosy-lab.org
167,"=HYPERLINK(""https://summerofcode.withgoogle.com/archive/2018/organizations/5667370274127872/"",""Space @ Virginia Tech"")","python, javascript, d3, mysql, mongodb",2,http://space.vt.edu/space_gsoc_2018.html,http://space.vt.edu/space_gsoc_2018.html
168,"=HYPERLINK(""https://summerofcode.withgoogle.com/archive/2018/organizations/5081879929683968/"",""SPDX"")","rdf,  python,  java, json",4,http://wiki.spdx.org/view/GSOC/GSOC_ProjectIdeas,https://lists.spdx.org/mailman/listinfo/spdx-tech
169,"=HYPERLINK(""https://summerofcode.withgoogle.com/archive/2018/organizations/6199903000723456/"",""Stemformatics"")","python, javascript, postgresql",2,https://docs.google.com/document/d/1zcuCTUMqbR7QFrUaGmxYGD_iKt8XCK6a35RtN6GGUC0/edit?usp=sharing,https://gitter.im/stemformatics/Lobby
170,"=HYPERLINK(""https://summerofcode.withgoogle.com/archive/2018/organizations/6248264466694144/"",""STE||AR Group"")","c++, cuda, opencv, python, boost",4,https://github.com/STEllAR-GROUP/hpx/wiki/GSoC-2018-Project-Ideas,https://github.com/STEllAR-GROUP/hpx/wiki/HPX-Resource-Guide
171,"=HYPERLINK(""https://summerofcode.withgoogle.com/archive/2018/organizations/6275038890164224/"",""Stony Brook University Biomedical Informatics"")","python, matlab, c++, javascript",2,https://goo.gl/gxRnz5,https://groups.google.com/d/forum/stonybrookbmigsoc
172,"=HYPERLINK(""https://summerofcode.withgoogle.com/archive/2018/organizations/6045186870214656/"",""strace"")","linux, c, git, shell script, make",2,https://strace.io/wiki/GoogleSummerOfCode2018,https://strace.io
173,"=HYPERLINK(""https://summerofcode.withgoogle.com/archive/2018/organizations/5918428024012800/"",""Streetmix"")","javascript, react, redux, postgresql, mongodb",1,https://github.com/streetmix/streetmix/projects,https://streetmix-slack.herokuapp.com/
174,"=HYPERLINK(""https://summerofcode.withgoogle.com/archive/2018/organizations/5076076959105024/"",""Submitty"")","python, c++, databases, web/html/css, php/javascript/ajax",2,http://submitty.org/developer/project_ideas,https://join.slack.com/t/submitty/shared_invite/enQtMzE1NzgyMzUzNzI5LWNkNjUzYmZjOWJkNzdlM2QzNTM3MGYwNmQwMzQ3NjAwODUwYjI4MTRlZDNjZTFlMTk4ZjUzN2MxNzRjNDIwZTU
175,"=HYPERLINK(""https://summerofcode.withgoogle.com/archive/2018/organizations/5753952654065664/"",""Sugar Labs"")","python, javascript, gtk+",11,https://wiki.sugarlabs.org/go/Summer_of_Code,http://chat.sugarlabs.org
176,"=HYPERLINK(""https://summerofcode.withgoogle.com/archive/2018/organizations/5745237494333440/"",""Sustainable Computing Research Group (SCoRe)"")","android, java, go, node, pyth",18,http://www.scorelab.org/gsoc-2018/,https://gitter.im/scorelab
177,"=HYPERLINK(""https://summerofcode.withgoogle.com/archive/2018/organizations/5146674678726656/"",""Swift"")","c++, llvm,  cmake, swift",0,https://swift.org/project-ideas,https://swift.org/community/
178,"=HYPERLINK(""https://summerofcode.withgoogle.com/archive/2018/organizations/5672591746400256/"",""SymPy"")",python,7,https://github.com/sympy/sympy/wiki/GSoC-2018-Ideas,https://gitter.im/sympy/sympy
179,"=HYPERLINK(""https://summerofcode.withgoogle.com/archive/2018/organizations/6321870005600256/"",""Systers Community"")","ios, android, python, ruby on rails, javascript",11,https://github.com/systers/systers.github.io/wiki/GSoC-2018,http://systers.io/slack-systers-opensource/
180,"=HYPERLINK(""https://summerofcode.withgoogle.com/archive/2018/organizations/6265117784145920/"",""TEAMMATES @ National University of Singapore"")"," java, appengine, javascript",5,http://tinyurl.com/teammates-ideas,https://github.com/TEAMMATES/teammates#contacting-us
181,"=HYPERLINK(""https://summerofcode.withgoogle.com/archive/2018/organizations/5109641792978944/"",""The Center for Connected Learning and Computer-Based Modeling"")"," javascript, scala, html5/css3",2,https://github.com/NetLogo/NetLogo/wiki/Google-Summer-of-Code-Ideas-List,https://gitter.im/NetLogo/GSoC
182,"=HYPERLINK(""https://summerofcode.withgoogle.com/archive/2018/organizations/5743257380192256/"",""The Eclipse Foundation"")","php,  java, xtext, javascript, c/c++",7,https://wiki.eclipse.org/Google_Summer_of_Code_2018_Ideas,https://accounts.eclipse.org/mailing-list/soc-dev
183,"=HYPERLINK(""https://summerofcode.withgoogle.com/archive/2018/organizations/5912217769738240/"",""The Honeynet Project"")","python 3,  python, golang, c/c++, machine learning",17,https://honeynet.org/gsoc2018/ideas,https://gsoc-slack.honeynet.org/
184,"=HYPERLINK(""https://summerofcode.withgoogle.com/archive/2018/organizations/6274587650162688/"",""The Java Pathfinder Team"")","java, jvm, android, distributed systems",4,https://github.com/javapathfinder/jpf-core/wiki/GSoC-2018-Project-Ideas,https://groups.google.com/forum/#!forum/java-pathfinder
185,"=HYPERLINK(""https://summerofcode.withgoogle.com/archive/2018/organizations/5106919723237376/"",""The Libreswan Project"")","c, python,  shell script, qemu",3,https://libreswan.org/wiki/GSoC2018,https://libreswan.org/wiki/GSoC2018
186,"=HYPERLINK(""https://summerofcode.withgoogle.com/archive/2018/organizations/5146991633891328/"",""The Linux Foundation"")","c, c++, cups, ipp",12,https://wiki.linuxfoundation.org/gsoc/google-summer-code-2018,https://wiki.linuxfoundation.org/gsoc/google-summer-code-2018#if-you-have-questions
187,"=HYPERLINK(""https://summerofcode.withgoogle.com/archive/2018/organizations/4867664006610944/"",""The MacPorts Project"")","tcl, html/javascript, frontend, vue.js, react.js",0,https://trac.macports.org/wiki/SummerOfCode,https://www.macports.org/contact.php#IRC
188,"=HYPERLINK(""https://summerofcode.withgoogle.com/archive/2018/organizations/5355478070591488/"",""The Mifos Initiative"")","java, android, spring, angularjs, mysql",12,https://mifosforge.jira.com/wiki/spaces/RES/pages/225411076/Google+Summer+of+Code+2018+Ideas,https://gitter.im/openMF/mifos
189,"=HYPERLINK(""https://summerofcode.withgoogle.com/archive/2018/organizations/5928349130031104/"",""The NetBSD Foundation"")","c, bsd make",4,https://wiki.netbsd.org/projects/gsoc/,https://wiki.netbsd.org/community/
190,"=HYPERLINK(""https://summerofcode.withgoogle.com/archive/2018/organizations/6608136823635968/"",""The ns-3 Network Simulator Project"")","c/c++,  python",5,https://www.nsnam.org/wiki/GSOC2018Projects,https://ns-3.zulipchat.com
191,"=HYPERLINK(""https://summerofcode.withgoogle.com/archive/2018/organizations/5665833682468864/"",""The Processing Foundation"")","java, javascript, python, android, opengl",16,https://github.com/processing/processing/wiki/Project-List,https://forum.processing.org/two/categories/summer-of-code-2018
192,"=HYPERLINK(""https://summerofcode.withgoogle.com/archive/2018/organizations/6475167723159552/"",""The Qt Project"")","c++11, cpp, qt, qml, opengl",1,https://wiki.qt.io/Google_Summer_of_Code/2018/Project_Ideas,https://wiki.qt.io/IRC
193,"=HYPERLINK(""https://summerofcode.withgoogle.com/archive/2018/organizations/5651276360581120/"",""The syslog-ng project."")","java, c/c++, big data, elasticsearch, rest",1,https://github.com/balabit/syslog-ng/wiki/GSoC2018-Idea-&-Project-list,https://gitter.im/balabit/syslog-ng
194,"=HYPERLINK(""https://summerofcode.withgoogle.com/archive/2018/organizations/4645580374540288/"",""The Vega Visualization Tools by the UW Interactive Data Lab"")","javascript, typescript, react, d3.js",2,https://docs.google.com/document/d/1YKBzT-aTrKGxA-G6ktzRSIC-ihc3JCWmNW5k7OL85nA/edit?usp=sharing,https://communityinviter.com/apps/vega-js/join
195,"=HYPERLINK(""https://summerofcode.withgoogle.com/archive/2018/organizations/6258536686288896/"",""The Wine Project"")"," directx,  x11,  win32, opengl, c",2,https://wiki.winehq.org/SummerOfCode,https://www.winehq.org/irc
196,"=HYPERLINK(""https://summerofcode.withgoogle.com/archive/2018/organizations/5082529006616576/"",""TimVideos.us"")","fpga, verilog, python, c",2,https://github.com/timvideos/getting-started/issues,http://webchat.freenode.net/?channels=%23timvideos&uio=d4
197,"=HYPERLINK(""https://summerofcode.withgoogle.com/archive/2018/organizations/6308187447754752/"",""TLA+"")","java, tla+, eclipse, ocaml, smt",1,https://github.com/tlaplus/tlaplus/blob/master/general/docs/contributions.md,https://groups.google.com/forum/#!forum/tlaplus
198,"=HYPERLINK(""https://summerofcode.withgoogle.com/archive/2018/organizations/5088326407159808/"",""UCSC Xena"")"," javascript, python, clojure, react, jvm",1,https://github.com/ucscXena/ucsc-xena-client/wiki/Google-Summer-of-Code-Ideas-2018,https://groups.google.com/forum/#!forum/xena-google-summer-of-code
199,"=HYPERLINK(""https://summerofcode.withgoogle.com/archive/2018/organizations/4795301189648384/"",""VideoLAN"")","c, c++, go, vue.js",10,https://wiki.videolan.org/SoC_2018/,https://www.videolan.org/support/
200,"=HYPERLINK(""https://summerofcode.withgoogle.com/archive/2018/organizations/5088548537499648/"",""ViSP"")",c/c++,2,https://github.com/lagadic/visp/wiki/GSoC_2018,https://github.com/lagadic/visp/wiki/GSoC_2018#for-students-interested-in-applying
201,"=HYPERLINK(""https://summerofcode.withgoogle.com/archive/2018/organizations/4801054029905920/"",""vitrivr"")","java, angularjs, spark, grpc",1,https://vitrivr.org/gsoc.html#ideas,https://groups.google.com/forum/#!forum/vitrivr
202,"=HYPERLINK(""https://summerofcode.withgoogle.com/archive/2018/organizations/4872598588489728/"",""webpack"")","javascript, web development, html5/css3, node.js, webassembly",3,https://docs.google.com/document/d/17snmViHEAM3vhj6bf0nH0-i0so_rQf4PeK5OuCrXcV8/edit?usp=sharing,http://webpack.js.org
203,"=HYPERLINK(""https://summerofcode.withgoogle.com/archive/2018/organizations/6035427630776320/"",""Wikimedia Foundation"")","php, javascript, ruby on rails, android, reactjs",12,https://www.mediawiki.org/wiki/Google_Summer_of_Code/2018,https://wikimedia.zulipchat.com/#narrow/stream/gsoc18-outreachy16
204,"=HYPERLINK(""https://summerofcode.withgoogle.com/archive/2018/organizations/4651790628814848/"",""WorldBrain.io - Verifying the Internet"")","react, javascript, browser extension, datproject",3,https://github.com/WorldBrain/Memex/issues?q=is%3Aissue+is%3Aopen+label%3A%22GSoC+2018+Projects%22,http://join-worldbrain.herokuapp.com
205,"=HYPERLINK(""https://summerofcode.withgoogle.com/archive/2018/organizations/4893771770626048/"",""X.org Foundation"")","opengl, vulkan, x11, wayland, opencl",2,https://www.x.org/wiki/SummerOfCodeIdeas/,https://www.x.org/wiki/SummerOfCodeIdeas/
206,"=HYPERLINK(""https://summerofcode.withgoogle.com/archive/2018/organizations/5404190113267712/"",""Xapian Search Engine Library"")","c++, unicode, swig, linux, golang",2,https://trac.xapian.org/wiki/GSoCProjectIdeas,https://trac.xapian.org/wiki/GSoC_IRC
207,"=HYPERLINK(""https://summerofcode.withgoogle.com/archive/2018/organizations/5991099608858624/"",""XBMC Foundation"")","python, c/c++, github, mysql",2,http://kodi.wiki/view/Google_Summer_of_Code/2018,http://kodi.wiki/view/Kodi_related_projects_and_sites
208,"=HYPERLINK(""https://summerofcode.withgoogle.com/archive/2018/organizations/6530090020110336/"",""Xi Editor Project"")","rust, swift",3,http://google.github.io/xi-editor/gsoc.html,https://botbot.me/mozilla/xi/
209,"=HYPERLINK(""https://summerofcode.withgoogle.com/archive/2018/organizations/5969765231230976/"",""xpra.org"")","python, javascript, compression, remote access, cython",0,https://xpra.org/trac/wiki/ProjectIdeas,https://xpra.org/trac/wiki/Help
210,"=HYPERLINK(""https://summerofcode.withgoogle.com/archive/2018/organizations/6278111670829056/"",""XWiki"")"," java, javascript, html5, css3, velocity",3,http://gsoc.xwiki.org/,http://dev.xwiki.org/xwiki/bin/view/Community/Chat
211,"=HYPERLINK(""https://summerofcode.withgoogle.com/archive/2018/organizations/4721112676040704/"",""Zulip"")","python, django, javascript, react native, electron",10,https://zulip.readthedocs.io/en/latest/overview/gsoc-ideas.html,https://chat.zulip.org
